Epoch,Loss,Accuracy,Test Accuracy
1,0.518369679999695,0.3892686261107314,0.2832459937723096
2,0.5171602832472464,0.39105339105339104,0.2833599149388623
3,0.5159527415559373,0.39302802460697195,0.28339788866104654
4,0.5147497881419838,0.39473684210526316,0.2833599149388623
5,0.5135496024035836,0.3959520012151591,0.28301815143920406
6,0.5123544282881406,0.3978886610465558,0.2827903091060986
7,0.511163929793872,0.39967342598921546,0.28256246677299307
8,0.5099782800304107,0.4013822434875066,0.28256246677299307
9,0.5088018844384957,0.40305308726361355,0.2824865193286246
10,0.5076338938314926,0.40426824637350955,0.2824105718842561
11,0.5064677213795127,0.4059770638718007,0.28260044049517735
12,0.5053023544330473,0.40749601275917063,0.2828282828282828
13,0.5041488990801378,0.4089010404799878,0.28305612516138834
14,0.5029968359694129,0.4101921470342523,0.28305612516138834
15,0.5018531457081152,0.411217437533227,0.2832839674944938
16,0.5007170361993263,0.41220475431001746,0.2834358623832308
17,0.499584722140318,0.41398951925267713,0.28354978354978355
18,0.4984578911417562,0.4149768360294676,0.2836637047163363
19,0.4973374127691426,0.4159641528062581,0.283777625882889
20,0.49622410940671136,0.41706539074960125,0.2838535733272575
Epoch,Loss,Accuracy,Test Accuracy
1,0.5279293323592815,0.6192754613807245,0.29505582137161085
2,0.5157958059633108,0.6388319283056125,0.27846130477709424
3,0.5057593205246617,0.6516290726817042,0.4976456292245766
4,0.5020245195787623,0.6559201032885243,0.3583580162527531
5,0.4997226424244717,0.6596415280625807,0.5854408749145591
6,0.49983985678560305,0.6606288448393711,0.6194653299916458
7,0.49926252673629523,0.6596035543403964,0.5914407230196704
8,0.4987939354603523,0.658768132452343,0.5280246069719754
9,0.49670440325562293,0.6602111338953445,0.48579782790309106
10,0.4972971360741857,0.6608187134502924,0.4973418394471026
11,0.49668219174035205,0.6620338725601883,0.46119085592769804
12,0.4955404458363837,0.6646920331130858,0.455380876433508
13,0.49669755533106785,0.6615402141717931,0.3228146122882965
14,0.49522502935018287,0.6651097440571124,0.5116579327105643
15,0.495825784772081,0.6643502696134275,0.6004404951773373
16,0.49592761515139205,0.6625655046707678,0.3813700918964077
17,0.4949181066635997,0.6651097440571124,0.49517733728260044
18,0.4957942186474614,0.6615022404496089,0.4308498519024835
19,0.4969884163402288,0.6604769499506341,0.4764942659679502
20,0.49520773038867394,0.6624895572263994,0.5778081567555252
Epoch,Loss,Accuracy,Test Accuracy
1,1.0431076512268544,0.4456596035543404,0.33914331282752336
2,0.8397894845559253,0.41117946381104276,0.34024455077086657
3,0.7143445659761931,0.47076023391812866,0.33773828510670617
4,0.6467285495729622,0.4790385053542948,0.33162451583504216
5,0.6108055136143659,0.4794941900205058,0.32554872028556237
6,0.5891639880157022,0.4845067213488266,0.32858661806030226
7,0.5744741603129287,0.48329156223893066,0.32801701222753854
8,0.5637884824135645,0.4823042454621402,0.32854864433811803
9,0.5555677291667985,0.4830637199058252,0.32927014505961877
10,0.549096169369648,0.4838611680716944,0.3298397508923825
11,0.5437014554514338,0.48370927318295737,0.3312068048910154
12,0.5391435721354435,0.4859117490696438,0.33249791144527985
13,0.5352256295688167,0.48743069795701377,0.3339409128882813
14,0.5317831304522043,0.48416495784916835,0.33451051872104504
15,0.5287285988500299,0.48530416951469585,0.33318143844459636
16,0.5260429615178234,0.48727880306827676,0.33359914938862306
17,0.5236535196711705,0.48913951545530493,0.3344725449988608
18,0.5215415705462565,0.49073441178704336,0.33561175666438825
19,0.5196654889856103,0.49331662489557226,0.3359155464418622
20,0.5179895579858291,0.4953672058935217,0.3367509683299157
Epoch,Loss,Accuracy,Test Accuracy
1,0.1592968857800372,0.7554492291334397,0.4709501025290499
2,0.15009625103345606,0.7675248727880307,0.29399255715045186
3,0.1450448618370006,0.7767145135566188,0.266195792511582
4,0.14333539853011434,0.7767904610009874,0.21584263689526847
5,0.14257427662120642,0.7761449077238551,0.23107009949115212
6,0.1429547117186065,0.7773220931115667,0.2219564061669325
7,0.14310965493808195,0.7754993544467229,0.24231032125768967
8,0.14257225727077133,0.7773220931115667,0.2879167616009721
9,0.14282138938878913,0.7761828814460393,0.21610845295055822
10,0.14273847058112654,0.7778916989443305,0.23107009949115212
11,0.14250013462442385,0.7756892230576441,0.21508316245158351
12,0.142412753460081,0.7758411179463811,0.23262702210070632
13,0.14212693103996943,0.7798663324979115,0.24504442925495556
14,0.14235729308890283,0.7789929368876737,0.23725981620718462
15,0.14145161789361058,0.7812333864965444,0.2265132528290423
16,0.1428535617149819,0.7807397281081492,0.1788942052099947
17,0.14352595287219302,0.779182805498595,0.18291941976152504
18,0.1446641573107963,0.7827903091060986,0.15223665223665223
19,0.14474184266083007,0.7799802536644642,0.04917597022860181
20,0.14454305176681723,0.7801701222753854,0.21204526467684362
Epoch,Loss,Accuracy,Test Accuracy
1,1.2280304206908021,0.2758411179463811,0.34711779448621555
2,1.2261714812748934,0.27610693400167086,0.347345636819321
3,1.2249606285033756,0.27641072377914483,0.3473836105415053
4,1.2239842462755899,0.2768284347231716,0.3474215842636895
5,1.2231434621999173,0.27698032961190855,0.3474595579858738
6,1.2223937041405906,0.2770942507784613,0.3474595579858738
7,1.221710718454624,0.27743601427811954,0.3474595579858738
8,1.2210796063236078,0.2774739880003038,0.34768740031897927
9,1.2204902657817607,0.27751196172248804,0.3478392952077163
10,1.2199354513753373,0.2776258828890408,0.3478392952077163
11,1.2194097483794275,0.2777018303334093,0.347953216374269
12,1.2189091270450032,0.2777777777777778,0.348105111263006
13,1.2184303269901247,0.2778916989443305,0.34814308498519025
14,1.2179708747910574,0.27796764638869903,0.3481810587073745
15,1.2175286607638611,0.278119541277436,0.34821903242955876
16,1.2171018953819133,0.2783473836105415,0.34840890104048
17,1.2166890859302018,0.27853725222146275,0.3484848484848485
18,1.2162889657714513,0.2787650945545682,0.3484848484848485
19,1.2159004558175992,0.278879015721121,0.3484848484848485
20,1.2155226188378954,0.27895496316548946,0.34856079592921696
Epoch,Loss,Accuracy,Test Accuracy
1,0.24527076407848794,0.550277208171945,0.3850535429482798
2,0.23867411272191388,0.5666818561555403,0.41368572947520316
3,0.2371713109850727,0.5740107845371003,0.40404040404040403
4,0.23658687940347234,0.5801625275309485,0.38110427584111795
5,0.23584105264992827,0.5856307435254804,0.37123110807321336
6,0.2353157014959009,0.587871193134351,0.3618136249715197
7,0.2352153794048768,0.5915926179084073,0.36553504974557605
8,0.23493342980465168,0.5930356193514088,0.36606668185615554
9,0.23467458189425783,0.5950862003493582,0.3627249943039417
10,0.23411307859954536,0.596415280625807,0.3553580922001975
11,0.2337788434418463,0.5960355434039645,0.35418090681248576
12,0.23375199617786896,0.595807701070859,0.3872560188349662
13,0.23339694183050952,0.5985418090681248,0.39917976760082025
14,0.2330782651570746,0.5977823346244399,0.4194957089693932
15,0.23274792127509158,0.5953899901268322,0.4314954051796157
16,0.23269196964605476,0.6030606820080504,0.41611604769499505
17,0.2325389210119695,0.5968709652920179,0.4194957089693932
18,0.23253459571979634,0.5937191463507253,0.4344573555099871
19,0.23221408279830022,0.5997949419002051,0.44482418166628696
20,0.2319945878552853,0.5994911521227311,0.4300903774587985
Epoch,Loss,Accuracy,Test Accuracy
1,0.8647525814989283,0.3864965443912812,0.41634389002810057
2,0.7899739332336295,0.4758866864130022,0.5369104579630896
3,0.7425336327811924,0.5354294827979038,0.5331510594668489
4,0.722861280565936,0.5356952988531936,0.5372522214627478
5,0.7090549889182824,0.5397964608490924,0.5418470418470418
6,0.6961033665743331,0.5436318067897016,0.5454545454545454
7,0.6826896574271268,0.5481886534518113,0.5506569453937875
8,0.667250355164096,0.5557074504442926,0.5624287992709045
9,0.6478245957985755,0.5649730386572492,0.5678970152654363
10,0.6224720228134463,0.5720361509835195,0.5760233918128655
11,0.5899811836828208,0.5817194501405027,0.5865421128579024
12,0.5509921569364401,0.5882129566340093,0.5881370091896407
13,0.5087297030965021,0.5873775347459558,0.5896559580770107
14,0.46800603168269184,0.6194653299916458,0.6780587833219412
15,0.433099045546077,0.7462975620870358,0.7953596111490848
16,0.4060151646028158,0.8058023847497532,0.8107009949115213
17,0.3865716546223304,0.8217893217893217,0.8241816662869295
18,0.3732566045492604,0.8177641072377915,0.8108908635224424
19,0.36435914175496104,0.8053846738057264,0.8017771701982228
20,0.3584337594555156,0.7983975089238247,0.7947520315941369
Epoch,Loss,Accuracy,Test Accuracy
1,0.5474072394165815,0.49126604389762285,0.39223057644110276
2,0.5048061974598461,0.5595427963849017,0.40612895876053773
3,0.5033547175059855,0.5742006531480216,0.3903698640540746
4,0.5034451584247923,0.5775803144224196,0.35801625275309484
5,0.5033235604619287,0.5764411027568922,0.33640920483025744
6,0.5034475275102488,0.576099339257234,0.3184096605149237
7,0.5033388226060672,0.5773524720893142,0.31951089845826686
8,0.503521544912814,0.575947444368497,0.31613123718386876
9,0.5028656300471326,0.5751499962026277,0.309447862079441
10,0.5031601626452599,0.5765170502012608,0.3087643350801246
11,0.5030097288268708,0.575643654591023,0.3043593833067517
12,0.5031349573562359,0.5752639173691805,0.29873927242348297
13,0.5027511103799651,0.5742006531480216,0.309751651856915
14,0.5030244016379062,0.574884180147338,0.3113465481886534
15,0.5029916610502034,0.5774663932558669,0.3187893977367662
16,0.5027684486335806,0.5753018910913648,0.31856155540366066
17,0.5030804977952488,0.5775803144224196,0.3262702210070631
18,0.5028506459504564,0.5783397888661047,0.33409280777701833
19,0.5028406424908666,0.5770486823118403,0.32999164578111945
20,0.5028294108450319,0.577922077922078,0.34058631427052477
Epoch,Loss,Accuracy,Test Accuracy
1,0.8184517396056874,0.424812030075188,0.36610465557833977
2,0.8180303149848492,0.424812030075188,0.36606668185615554
3,0.8176084843997441,0.42503987240829344,0.36599073441178703
4,0.8171867457458744,0.4254196096301359,0.3658768132452343
5,0.8167652300655674,0.42568542568542567,0.3659147869674185
6,0.8163439969072366,0.4260271891850839,0.3658388395230501
7,0.8159214424579377,0.4263309789625579,0.3658388395230501
8,0.8154994528632425,0.4264449001291107,0.3658008658008658
9,0.8150776500430369,0.42709045340624285,0.3657249183564973
10,0.8146552791432217,0.42766005923900663,0.36561099718994455
11,0.8142327084212057,0.42815371762740184,0.36545910230120754
12,0.8138093365169029,0.4283815599605073,0.3654211285790233
13,0.8133873127026281,0.42872332346016556,0.3652312599681021
14,0.8129647134581774,0.4291410344041923,0.36519328624591785
15,0.8125419651255834,0.42971064023695604,0.3649274701906281
16,0.8121191472288445,0.43050808840282523,0.3649274701906281
17,0.8116961365660155,0.430925799346852,0.3647755753018911
18,0.8112731877778195,0.43153337890179994,0.36466165413533835
19,0.8108496399307182,0.4324447482342219,0.36462368041315407
20,0.810426174396703,0.4335459861775651,0.36458570669096985
Epoch,Loss,Accuracy,Test Accuracy
1,0.16360830885169553,0.721880458722564,0.8042834358623833
2,0.1067571464148199,0.8066757803599909,0.8105870737449685
3,0.10007347746992068,0.8119921014657857,0.8141186299081036
4,0.09680983376463069,0.8108528898002583,0.810663021189337
5,0.09487125602925693,0.811726285410496,0.8127895496316548
6,0.0934536841787952,0.8129414445203919,0.8141566036302879
7,0.09223018200627896,0.8142325510746563,0.8152198678514468
8,0.09106659917121276,0.8162071846282373,0.8168147641831852
9,0.08986658080473242,0.8169666590719222,0.8168147641831852
10,0.08862748649257526,0.8178780284043442,0.8184856079592921
11,0.08736810560471753,0.8184476342371079,0.8185615554036607
12,0.08611254890478257,0.8191311612364244,0.8214095845674793
13,0.08490261664907409,0.8223969013442698,0.8251689830637199
14,0.08377409896566178,0.8253208779524569,0.8265740107845371
15,0.08274477689444694,0.8289283815599605,0.8300296195033037
16,0.08181273817712781,0.8310169362800942,0.831282752335384
17,0.08096158326748822,0.8310169362800942,0.8309789625579099
18,0.08017973838026715,0.8333333333333334,0.8383838383838383
19,0.07945029984445715,0.8383458646616542,0.837852206273259
20,0.07876307726729827,0.8392572339940761,0.8412698412698413
Epoch,Loss,Accuracy,Test Accuracy
1,0.33525615378739587,0.5203539150907572,0.5089997721576669
2,0.30427874135754035,0.5030378977747398,0.49259512417407153
3,0.29984670544993164,0.48667122351332875,0.48530416951469585
4,0.29733789633850166,0.4818485607959292,0.4779752411331359
5,0.29528513974332393,0.4770638718007139,0.4764562922457659
6,0.293414560226031,0.4769499506341612,0.4780891622996886
7,0.29163559161759234,0.4789625579099263,0.48241816662869297
8,0.28991560748755085,0.48484848484848486,0.48564593301435405
9,0.2882293263323404,0.4898230424546214,0.492519176729703
10,0.28656625373564154,0.4951393635604162,0.4985949722791828
11,0.2849148393323449,0.5022404496088707,0.5050505050505051
12,0.2832706885339291,0.5091896407685882,0.5132528290423027
13,0.2816180291038692,0.5176577808156756,0.5198982304245462
14,0.27996306818690037,0.5238854712538923,0.5285942128047392
15,0.27828374790734967,0.532543479911901,0.5363788258525101
16,0.2765794656258778,0.5399863294600137,0.5449229133439659
17,0.27485251642068875,0.5484544695071011,0.5518721045036834
18,0.27308049796385264,0.5554416343890028,0.5600364547732969
19,0.2712587210951095,0.5637578795473532,0.5674033568770411
20,0.2693763485396023,0.5708589655958077,0.5747322852586011
Epoch,Loss,Accuracy,Test Accuracy
1,0.49949090348198183,0.3257765626186679,0.3278271436166173
2,0.4922042678459874,0.33006759322548795,0.3322320953899901
3,0.48494603832292466,0.3344725449988608,0.33751044277360065
4,0.4776928378807812,0.3430166324903167,0.34696589959747853
5,0.4705182313365581,0.34905445431761223,0.35064935064935066
6,0.46336113381741817,0.3522822207032733,0.3553580922001975
7,0.45628580948568703,0.3582061213640161,0.360940229361282
8,0.4492561749264898,0.36348446874762663,0.366446419077998
9,0.44233076384780107,0.3699020277967646,0.37373737373737376
10,0.4354640245265534,0.37601579706842864,0.378825852510063
11,0.4287019569809815,0.3838763575605681,0.38626870205817576
12,0.42200062469501487,0.38820536188957244,0.3939393939393939
13,0.4153452456546961,0.39712918660287083,0.40054682159945315
14,0.4087788540019076,0.4038505354294828,0.4068504594820384
15,0.4022290696981378,0.4087871193134351,0.4098883572567783
16,0.3957099686435837,0.4118629908103592,0.4133059922533607
17,0.38923754936397154,0.41478696741854637,0.4158122579175211
18,0.382778301378247,0.41706539074960125,0.41634389002810057
19,0.3763138737260221,0.4178628389154705,0.4189640768588137
20,0.3698382691420304,0.42055897319055213,0.42166021113389535
Epoch,Loss,Accuracy,Test Accuracy
1,0.22283999794974868,0.5516062884483938,0.6313511050353156
2,0.12460940304092716,0.7420065314802157,0.804245462140199
3,0.09897544986682846,0.8184096605149237,0.8270676691729323
4,0.08932915976148674,0.8296878560036455,0.8397888661046555
5,0.08434454639029183,0.841687552213868,0.8452570820991874
6,0.08189461379816998,0.8479152426520847,0.8489785068732437
7,0.08054143757557862,0.8515986937039569,0.8524341155920103
8,0.07964784645557017,0.8528898002582214,0.853459406090985
9,0.07898801832339136,0.8559276980329612,0.8574466469203311
10,0.07845815585552945,0.855130249867092,0.8569150148097516
11,0.07802361576551961,0.8572188045872257,0.8577884104199893
12,0.07763927980785706,0.8577504366978052,0.8585099111414901
13,0.0772967038292369,0.8584719374193058,0.8582440950862004
14,0.07697782364727249,0.8588516746411483,0.8596491228070176
15,0.07668165330866908,0.8596111490848333,0.859876965140123
16,0.07640032769967259,0.8599908863066758,0.8603326498063341
17,0.07612775695945502,0.8602567023619655,0.8611680716943875
18,0.07586516793744541,0.8609782030834663,0.8613959140274929
19,0.07560692841068463,0.8613579403053088,0.861244019138756
20,0.07535540685520133,0.8613959140274929,0.8613959140274929
Epoch,Loss,Accuracy,Test Accuracy
1,0.21563457800910488,0.6306296043138149,0.8654211285790233
2,0.04811260743784959,0.916571732361206,0.945431761221235
3,0.03390391994113555,0.948659527606896,0.9598238019290651
4,0.028171614536058334,0.9609250398724083,0.9664692033113086
5,0.024328840696101795,0.9678362573099415,0.9704564441406547
6,0.02184743450469314,0.9718614718614719,0.9734943419153945
7,0.02042446067285074,0.9738361054150528,0.9755069491911598
8,0.019471882748888628,0.9763423710792132,0.9757347915242652
9,0.018836896293463655,0.9764183185235816,0.976152502468292
10,0.01836585782695252,0.9772537404116352,0.9768360294676084
11,0.017985147534486733,0.9779372674109517,0.9772157666894509
12,0.017699293621323258,0.9778233462443989,0.9785828206880839
13,0.017461599516449766,0.9780891622996886,0.9791144527986633
14,0.017259690148058317,0.9785448469658996,0.9799119009645325
15,0.017077384878965287,0.9788486367433736,0.9783929520771626
16,0.01688692991901785,0.9785068732437153,0.9782410571884256
17,0.016751517180870725,0.9785448469658996,0.97953216374269
18,0.01662857801359177,0.9784688995215312,0.9796081111870586
19,0.01649024293989603,0.9789245841877421,0.9790385053542948
20,0.01637318595531262,0.9788866104655578,0.9789625579099264
Epoch,Loss,Accuracy,Test Accuracy
1,0.45098791221788925,0.33397888661046554,0.3366750208855472
2,0.4489713023597252,0.3358395989974937,0.34218121060226325
3,0.45471858444723845,0.3274474063947748,0.3272955115060378
4,0.44602447374192294,0.3372826004404952,0.34058631427052477
5,0.4511169919211928,0.33192830561251613,0.32851067061593375
6,0.45010375080192233,0.3373585478848637,0.3409660514923673
7,0.45632539758409435,0.3279790385053543,0.3373585478848637
8,0.4508415555764355,0.33154856839067365,0.3341687552213868
9,0.45607069647599147,0.3332194121667806,0.3312447786131997
10,0.4486954051486137,0.3342447026657553,0.33139667350193663
11,0.4532190567696503,0.33443457127667653,0.3274094326725906
12,0.4532306610867588,0.33576365155312526,0.3318523581681476
13,0.45344614677380984,0.3321941216678059,0.3381559960507329
14,0.45641495488374206,0.3287385129490393,0.33864965443912814
15,0.452571622148162,0.33109288372446266,0.33819396977291716
16,0.45128880103839125,0.3332953596111491,0.33857370699475964
17,0.4523494029515764,0.3347383610541505,0.3318523581681476
18,0.44900958140917685,0.33796612743981164,0.32904230272651325
19,0.44725032988644003,0.3424090529353687,0.3297258297258297
20,0.4509409479690227,0.335725677830941,0.3225108225108225
Epoch,Loss,Accuracy,Test Accuracy
1,0.4524448580091129,0.3343206501101238,0.34392800182273864
2,0.4480750793886447,0.33420672894357106,0.334358623832308
3,0.45677304527656665,0.3328396749449381,0.32349813928761295
4,0.4497997477702197,0.33526999316473,0.3318523581681476
5,0.455215222527354,0.33014354066985646,0.33914331282752336
6,0.45433714124869473,0.32661198450672135,0.3274094326725906
7,0.453435810585899,0.33766233766233766,0.32919419761525026
8,0.4526648948458143,0.3318523581681476,0.3337130705551758
9,0.4547294187926152,0.3281309333940913,0.3373585478848637
10,0.45062297825015735,0.32949798739272423,0.32308042834358625
11,0.44878327588860234,0.3368648894964684,0.3262322472848789
12,0.45298755789069606,0.33302954355585934,0.33500417710944025
13,0.45446289659105976,0.33002961950330373,0.3323080428343586
14,0.45198002762706424,0.33561175666438825,0.3406622617148933
15,0.4562105303164168,0.3284347231715653,0.3304853041695147
16,0.4527347257913505,0.3306371990582517,0.3354978354978355
17,0.4564495409054054,0.33272575377838537,0.3303334092807777
18,0.44616671493417687,0.3390293916609706,0.3276752487278803
19,0.4497984666805518,0.3397888661046556,0.3362952836637047
20,0.4484333965218501,0.33864965443912814,0.32862459178248654
Epoch,Loss,Accuracy,Test Accuracy
1,0.5148361841973229,0.3950026581605529,0.2833599149388623
2,0.5115071017311156,0.3990658464342675,0.2828282828282828
3,0.5093549278232636,0.4023315865421129,0.28260044049517735
4,0.5076225451112039,0.40453406242879925,0.2827143616617301
5,0.5061333872106555,0.40654666970456443,0.28294220399483555
6,0.5048092937319649,0.40806561859193435,0.28305612516138834
7,0.5036058374901698,0.4098503835345941,0.2832459937723096
8,0.5024962092413999,0.4108377003113845,0.2832459937723096
9,0.5014622954835036,0.41167312219943797,0.2832839674944938
10,0.5004911646691947,0.4129262550315182,0.28339788866104654
11,0.49957275701831955,0.4141034404192299,0.2835118098275993
12,0.49869992778875616,0.41501480975165184,0.2835118098275993
13,0.4978670488349062,0.4159261790840738,0.2836637047163363
14,0.4970692783921657,0.4164578111946533,0.2838155996050733
15,0.4963026858953983,0.41729323308270677,0.2838915470494418
16,0.49556421447920684,0.417786891471102,0.28392952077162603
17,0.49485129037472525,0.4188881294144452,0.28408141566036305
18,0.49416161055676966,0.4202172096908939,0.2841953368269158
19,0.4934932225897002,0.4209766841345789,0.2842712842712843
20,0.4928443475575027,0.4216222374117111,0.284385205437837
Epoch,Loss,Accuracy,Test Accuracy
1,0.22159095825910333,0.629110655426445,0.8672818409660515
2,0.059842853302264847,0.903584719374193,0.9308118781802992
3,0.050610949273846725,0.9381787802840434,0.9439128123338649
4,0.04657197894379511,0.9488873699400016,0.9516594516594516
5,0.042146284903309586,0.9557226399331662,0.9600516442621706
6,0.037221743206170346,0.9630895420369104,0.9646844383686489
7,0.03301947967361725,0.9688615478089162,0.9708741550846814
8,0.029966780411838402,0.9718614718614719,0.9726589200273411
9,0.02777339436880158,0.9734183944710261,0.9735323156375788
10,0.026202583491294958,0.9736082630819473,0.9732664995822891
11,0.025078787620843857,0.9737601579706843,0.974025974025974
12,0.02422908486401159,0.973874079137237,0.9737981316928686
13,0.023604429400453097,0.9736842105263158,0.9740639477481583
14,0.023083006356664305,0.9742158426368953,0.974025974025974
15,0.022662655162128748,0.9742158426368953,0.974177868914711
16,0.022303353822017292,0.9744436849700008,0.9747095010252905
17,0.021993746461866116,0.9745576061365535,0.9750132908027644
18,0.021769286508052203,0.9748234221918433,0.9748993696362117
19,0.021578159618473855,0.9752031594136857,0.9752791068580542
20,0.021425421437729953,0.9755449229133439,0.9753170805802385
Epoch,Loss,Accuracy,Test Accuracy
1,0.5424756272718109,0.600858206121364,0.8426748689906585
2,0.21574687674834175,0.8773828510670616,0.911217437533227
3,0.1569427164461007,0.9200653148021569,0.9264449001291106
4,0.1403247092143639,0.9400015189488874,0.943760917445128
5,0.12974676944971972,0.9452039188881294,0.9446722867775499
6,0.12225900025090633,0.9481278954963166,0.9515075567707146
7,0.11661856669122367,0.9515455304928989,0.954621401989823
8,0.11223560912607562,0.9561023771550088,0.9576213260423787
9,0.10881669644334147,0.9593301435406698,0.9597478544846966
10,0.10611281605466336,0.961950330371383,0.9638110427584112
11,0.10396186333479063,0.9641148325358851,0.9648363332573859
12,0.10228700259402856,0.9655198602567023,0.966545150755677
13,0.10089679152832526,0.9673425989215463,0.9678742310321258
14,0.09977812686471169,0.9680261259208628,0.9689374952532848
15,0.09888044538809554,0.9685957317536265,0.9684058631427053
16,0.09808787729348357,0.9691653375863902,0.9695450748082327
17,0.09736492903758105,0.9700767069188122,0.9698868383078909
18,0.09675614792744461,0.9703804966962861,0.9702286018075492
19,0.09614641522869816,0.970494417862839,0.9708741550846814
20,0.0955851864479158,0.9700387331966279,0.9709880762512342
Epoch,Loss,Accuracy,Test Accuracy
1,0.48584028371541527,0.3433204222677907,0.34411787043365993
2,0.4835036393467847,0.3444976076555024,0.3453330295435559
3,0.4811714316415875,0.34578871420976687,0.34651021493126755
4,0.47884419343503754,0.34704184704184704,0.3477253740411635
5,0.47652997970546995,0.3481810587073745,0.3484468747626642
6,0.4742155406391583,0.3487886382623225,0.3492822966507177
7,0.47190709802143466,0.3496620338725602,0.34970000759474446
8,0.46960951356642666,0.3497379813169287,0.35007974481658694
9,0.4673155903481253,0.3508392192602719,0.35167464114832536
10,0.4650333522900685,0.35258601048074734,0.3533834586466165
11,0.46275646902123874,0.35448469658995974,0.355282144755829
12,0.46049033213152557,0.3558897243107769,0.3564213564213564
13,0.45823742353186614,0.3568010936431989,0.3572947520315941
14,0.45598845995260684,0.35763651553125236,0.35824409508620036
15,0.4537651296427613,0.3589276220855168,0.3592314118629908
16,0.45154168290428354,0.3597630439735703,0.360332649806334
17,0.4493346821103144,0.36109212425001896,0.3619655198602567
18,0.44714349312924495,0.36075036075036077,0.35919343814080656
19,0.44496351466541184,0.3594592541960963,0.3599529125844915
20,0.44280553078193086,0.36052251841725524,0.36116807169438747
Epoch,Loss,Accuracy,Test Accuracy
1,0.21074481066388462,0.6518189412926255,0.8649274701906281
2,0.056798209306415506,0.9040404040404041,0.9318371686792739
3,0.03896913472392006,0.9326725905673274,0.9400015189488874
4,0.03374859583521693,0.944368497000076,0.9614186982608035
5,0.03048960438546852,0.9581909318751424,0.9641148325358851
6,0.028215043691777384,0.9633173843700159,0.9662413609782031
7,0.026850907039500282,0.9650262018683071,0.9672666514771778
8,0.025988256640949912,0.9665831244778613,0.9673425989215463
9,0.025257488149999806,0.967760309865573,0.9683299156983367
10,0.024572376388879453,0.968671679197995,0.968823574086732
11,0.023976742910246568,0.9694691273638643,0.9714817346396294
12,0.023445007193235144,0.9707222601959444,0.9700007594744436
13,0.02295691410791364,0.9712538923065239,0.9714057871952608
14,0.022491765527328646,0.9720133667502089,0.9733804207488418
15,0.021945805107303415,0.9724310776942355,0.9725449988607884
16,0.02132216376154267,0.9739880003037897,0.9747095010252905
17,0.020421663169163266,0.9757347915242652,0.9762284499126604
18,0.019235105429102617,0.9770258980785297,0.9771018455228981
19,0.018116867419013732,0.9790764790764791,0.979684058631427
20,0.017382285406656005,0.9807852965747702,0.981506797296271
Epoch,Loss,Accuracy,Test Accuracy
1,0.20698999734014245,0.691311612364244,0.2676767676767677
2,0.15332963638189764,0.7758790916685654,0.2349813928761297
3,0.14993845473130316,0.7759550391129338,0.2149312675628465
4,0.14803817735551955,0.7728032201716413,0.22115895800106328
5,0.14650762165725031,0.7750436697805119,0.2284878863826232
6,0.14534338894365,0.77261335156072,0.25757575757575757
7,0.14411856369561404,0.7719298245614035,0.25487962330067593
8,0.14309522779875847,0.7738664843928001,0.24994303941672363
9,0.14223268190123808,0.7753474595579859,0.24394319131161235
10,0.14128757307887055,0.776448697501329,0.22442469810890864
11,0.14066739294266828,0.7763727500569606,0.22639933166248954
12,0.14000728013578778,0.7753854332801702,0.23513328776486672
13,0.13906117743604257,0.7786891471101998,0.25294296346927925
14,0.13860049754904932,0.7790688843320422,0.25351256930204297
15,0.13791672500297883,0.778575225943647,0.266347687400319
16,0.13747428543386558,0.7767145135566188,0.2697273486747171
17,0.13693490964587277,0.7802840434419381,0.26790461000987315
18,0.13661065382383628,0.7767904610009874,0.27314498367129947
19,0.13621326688965352,0.7808156755525176,0.2683982683982684
20,0.13608627062553147,0.7799043062200957,0.27515759094706466
Epoch,Loss,Accuracy,Test Accuracy
1,0.21190423939693503,0.646844383686489,0.878522062732589
2,0.051091362459956775,0.8997873471557682,0.9117110959216222
3,0.04011798998313938,0.918242576137313,0.9302042986253513
4,0.035936495617287414,0.9375332270069112,0.9473304473304474
5,0.033337319089285375,0.9573934837092731,0.969279258752943
6,0.03161747108009097,0.9696969696969697,0.9717095769727349
7,0.030199368711301647,0.9717855244171034,0.9735323156375788
8,0.028999696683459003,0.9743677375256322,0.9754310017467912
9,0.027775074428560073,0.9758866864130022,0.9763043973570289
10,0.026484029601808373,0.9763043973570289,0.9763043973570289
11,0.024848081475640268,0.976911976911977,0.9772157666894509
12,0.02292399598404338,0.9758866864130022,0.975848712690818
13,0.021703791206067396,0.9766081871345029,0.9767221083010557
14,0.021111508151508585,0.9770638718007139,0.9772917141338194
15,0.020814454466981623,0.9776714513556619,0.9779372674109517
16,0.020593693277894266,0.9780511885775044,0.9785068732437153
17,0.020473260001713536,0.9782410571884256,0.9788106630211894
18,0.0203645009327462,0.9785068732437153,0.9788486367433736
19,0.020252566248879073,0.9786587681324523,0.9789245841877421
20,0.02016994979316464,0.9788106630211894,0.9787347155768208
Epoch,Loss,Accuracy,Test Accuracy
1,0.42727922111685024,0.6299460773144984,0.8645857066909699
2,0.10183204257463672,0.9181286549707602,0.9401154401154401
3,0.07215609778884756,0.9540138224348751,0.9585706690969849
4,0.06003029424449325,0.9627477785372522,0.9628237259816207
5,0.05118151752246365,0.9676463886990203,0.9650641755904914
6,0.04545435450095717,0.9702665755297334,0.9698108908635225
7,0.04220097358281498,0.9731905521379206,0.974177868914711
8,0.0401444141177068,0.9748993696362117,0.9760765550239234
9,0.03870440755894063,0.976152502468292,0.9772157666894509
10,0.03755983960791273,0.9769499506341611,0.9769879243563454
11,0.03668549172304473,0.9767600820232399,0.9770638718007139
12,0.03599882425638944,0.9770258980785297,0.9772157666894509
13,0.03546432298521166,0.9768740031897927,0.9778992936887674
14,0.03498573708257543,0.9774436090225563,0.9778613199665831
15,0.0345825615468244,0.9777094250778461,0.9774056353003722
16,0.03423385686322916,0.9776714513556619,0.9785448469658996
17,0.033937433467272474,0.9782030834662414,0.9780891622996886
18,0.03368292181212215,0.9779372674109517,0.9783549783549783
19,0.0334293872698791,0.9777853725222146,0.9786207944102681
20,0.03325877814014608,0.9782030834662414,0.9787347155768208
Epoch,Loss,Accuracy,Test Accuracy
1,0.22704987882775954,0.6168831168831169,0.8375863902179692
2,0.07930032269054658,0.8595731753626491,0.8780284043441938
3,0.05124557327340638,0.8992936887673729,0.9235209235209235
4,0.03904583540172311,0.935976304397357,0.9551910078225868
5,0.03564609567409256,0.9533302954355586,0.9592921698184856
6,0.03413070063962237,0.9594820384294068,0.9638490164805954
7,0.03318164340629332,0.9643426748689906,0.9658236500341764
8,0.032441125222850156,0.9669248879775195,0.9684818105870737
9,0.03184997600570636,0.968064099643047,0.9699627857522595
10,0.03140820468334415,0.969279258752943,0.9700007594744436
11,0.03098700765636717,0.9700767069188122,0.9718234981392876
12,0.030685305680862956,0.9711399711399712,0.9717855244171034
13,0.030385595498438032,0.9706842864737601,0.9730006835269993
14,0.03012806764650631,0.9717095769727349,0.9723171565276828
15,0.02993592427218062,0.9723551302498671,0.9715576820839978
16,0.02973836434704607,0.9728487886382623,0.9721652616389459
17,0.029580686461936304,0.9725829725829725,0.9735323156375788
18,0.029436797263281442,0.9732664995822891,0.9742538163590795
19,0.02929755111485227,0.973114604693552,0.9723171565276828
20,0.02918870972824069,0.9731525784157363,0.974025974025974
Epoch,Loss,Accuracy,Test Accuracy
1,0.04595007006898964,0.9261790840738209,0.9129642287537024
2,0.03489276808036504,0.9499506341611604,0.9624060150375939
3,0.03479299532465457,0.9505582137161085,0.9587985114300904
4,0.0345903295423475,0.9504442925495558,0.9352927773980405
5,0.03459754247175289,0.9493810283283968,0.9661274398116504
6,0.03482382865665662,0.9507480823270297,0.9564061669324827
7,0.03468968410232761,0.9510138983823194,0.9578491683754842
8,0.034594169498690444,0.9510518721045037,0.9577732209311157
9,0.03473299247209943,0.9484316852737905,0.9697349434191539
10,0.0347629953682097,0.9506721348826612,0.962861699703805
11,0.03475410944429872,0.949874686716792,0.9539378749905065
12,0.034645570757825754,0.9498367129946077,0.9556466924887977
13,0.035025454317944606,0.9485076327181591,0.9610769347611453
14,0.03489162587991488,0.9492291334396598,0.9669248879775195
15,0.03469241717139362,0.9502164502164502,0.9068124857598542
16,0.03478977166006968,0.9501025290498974,0.9584567479304321
17,0.03461092874703486,0.9498367129946077,0.8845598845598845
18,0.0346477137597419,0.9502923976608187,0.9651401230348599
19,0.03475940590610502,0.9511657932710564,0.9699627857522595
20,0.03493490381412068,0.950026581605529,0.9662793347003873
Epoch,Loss,Accuracy,Test Accuracy
1,0.3133198396049702,0.4400394926710716,0.4420141262246525
2,0.25513939570857125,0.5879471405787196,0.42659679501784764
3,0.24931833354256935,0.5816814764183186,0.41657173236120604
4,0.24575795905220568,0.5861244019138756,0.41376167691957166
5,0.24435853113653003,0.5858206121364016,0.41133135869977977
6,0.24393009936672144,0.5854408749145591,0.4117490696438065
7,0.24381725842337376,0.5830105566947672,0.4120148856990962
8,0.24372270713992583,0.5827447406394775,0.4104959368117263
9,0.24365054022199983,0.5824029771398193,0.4112933849775955
10,0.2435950588038141,0.5819852661957925,0.4115971747550695
11,0.24354631818369138,0.5818333713070555,0.41383762436394017
12,0.24349198367938857,0.5797448165869219,0.40757196020353914
13,0.2434231854897335,0.5804283435862383,0.4025974025974026
14,0.24339004866849295,0.5825928457507404,0.40817953975848714
15,0.2433322856880778,0.5794790005316321,0.40916685653527757
16,0.2432834605111581,0.5786056049213943,0.398838004101162
17,0.2432284461102381,0.580694159641528,0.40005316321105794
18,0.24318423467608352,0.5787195260879472,0.3960279486595276
19,0.24310922840105526,0.5784537100326574,0.3908635224424698
20,0.2430213278307865,0.5787574998101314,0.3935216829953672
Epoch,Loss,Accuracy,Test Accuracy
1,0.8448410672541457,0.3321941216678059,0.3354978354978355
2,0.8422387162545848,0.3329156223893066,0.32505506189716715
3,0.8435353321772959,0.33154856839067365,0.323346244398876
4,0.8477466709547181,0.329004329004329,0.3358395989974937
5,0.8461091692559862,0.3307890939469887,0.33599149388623073
6,0.8419776070073693,0.3337130705551758,0.335877572719678
7,0.8400399221099654,0.3356497303865725,0.32448545606440343
8,0.8404129111950728,0.3368648894964684,0.3322700691121744
9,0.8476096006840516,0.33295359611149083,0.32809295967190705
10,0.8442735235748835,0.3307131465026202,0.33599149388623073
11,0.8454520070788804,0.33158654211285793,0.32395382395382394
12,0.8414257563736549,0.33466241360978205,0.33006759322548795
13,0.8408513842550682,0.3390293916609706,0.3348902559428875
14,0.8395701765151866,0.33610541505278346,0.32144755828966354
15,0.8401540859825182,0.33211817422343737,0.3378522062732589
16,0.8450471973416609,0.33208020050125314,0.3437001594896332
17,0.8400170527219868,0.33606744133059924,0.3362952836637047
18,0.841239192439334,0.33648515227462594,0.3309409888357257
19,0.8340143977102192,0.34290271132376393,0.3312827523353839
20,0.8485801897702417,0.33002961950330373,0.33458646616541354
Epoch,Loss,Accuracy,Test Accuracy
1,0.3051753341719084,0.49669628616997036,0.6491228070175439
2,0.10816884795312345,0.7533986481354903,0.8296878560036455
3,0.07663421232399258,0.8569909622541202,0.8745727956254272
4,0.058226640713725526,0.8840662261714893,0.9027492974861396
5,0.046566150124856306,0.9117110959216222,0.9201412622465254
6,0.041457053274197214,0.9334700387331967,0.9333940912888281
7,0.03835282625009485,0.9417862838915471,0.9445583656109972
8,0.036058649957884936,0.9483937115516062,0.9490392648287385
9,0.03424973251255224,0.9538239538239538,0.9540897698792435
10,0.03270596226696975,0.9563681932102984,0.9595200121515911
11,0.031371859414742916,0.9598997493734336,0.9613047770942508
12,0.03017584788442787,0.9614566719829878,0.961950330371383
13,0.02909518607220735,0.9622161464266727,0.9631275157590947
14,0.028124621668150544,0.9635452267031215,0.9654059390901496
15,0.027234181627906473,0.9651780967570441,0.9661654135338346
16,0.02642900478503853,0.9657097288676236,0.9666210982000456
17,0.025691449884403608,0.9662413609782031,0.967760309865573
18,0.02504173059446809,0.9672666514771778,0.9684058631427053
19,0.02442634678209852,0.9681400470874155,0.9662413609782031
20,0.02390078225947321,0.9679881521986785,0.9696589959747854
Epoch,Loss,Accuracy,Test Accuracy
1,0.3907363607605646,0.3602567023619655,0.4137996506417559
2,0.30087277907156673,0.46073517126148705,0.5015948963317385
3,0.25309620414494605,0.5245689982532088,0.544771018455229
4,0.21655779405106848,0.5603022708285866,0.5769347611452874
5,0.17909371657888717,0.599187362345257,0.6154780891622997
6,0.141802220100227,0.6665527455001139,0.7289815447710185
7,0.1172471606069185,0.7574998101313891,0.7898154477101845
8,0.1048160421084621,0.7998405103668261,0.8164350269613427
9,0.09752631799331307,0.8253208779524569,0.8281689071162756
10,0.09231790072532477,0.8310928837244627,0.8335232019442546
11,0.0876778516633858,0.830523277891699,0.830219488114225
12,0.08358361236701403,0.8341687552213868,0.8347003873319663
13,0.08071065417267469,0.8395230500493659,0.8417255259360522
14,0.07899566960166066,0.8418774208247892,0.8448013974329763
15,0.07783670769428047,0.8455608718766614,0.8462823725981621
16,0.07695072117657693,0.8476874003189793,0.84992784992785
17,0.07625568567229662,0.8503075871496925,0.8494721652616389
18,0.07566354479703245,0.8500797448165869,0.8511430090377459
19,0.07507758137409601,0.8517505885926938,0.8503455608718766
20,0.07460156830218907,0.8526999316473001,0.8509911141490089
Epoch,Loss,Accuracy,Test Accuracy
1,0.46619054250499264,0.30344801397432974,0.29733424470266573
2,0.4604154208907091,0.3089542036910458,0.29866332497911446
3,0.4548898258355192,0.3293840662261715,0.2988531935900357
4,0.44964392486737953,0.3424090529353687,0.2989291410344042
5,0.44475131805580637,0.35220627325890486,0.29851143009037745
6,0.44022719266480737,0.36075036075036077,0.2983215614794562
7,0.43605351868548425,0.367053998632946,0.29851143009037745
8,0.432241352301242,0.3728260044049518,0.29873927242348297
9,0.4287473808599907,0.3787119313435103,0.2991569833675097
10,0.42554864575818574,0.3842560947824106,0.3003721424774056
11,0.4226208515695516,0.3889648363332574,0.30109364319890636
12,0.4199354759858029,0.39371155160628846,0.3014354066985646
13,0.4174539558810661,0.39811650337966126,0.30147338042074884
14,0.41514928103473525,0.4023315865421129,0.3017771701982228
15,0.4130067205589089,0.4059390901496165,0.3017771701982228
16,0.410994751422272,0.4107997265892003,0.30162527530948585
17,0.4091004682618138,0.42010328852434115,0.30124553808764337
18,0.40732108295924696,0.424963924963925,0.3007518796992481
19,0.4056386530992364,0.43058403584719374,0.3002961950330371
20,0.4040465015401312,0.43476114528746107,0.30014430014430016
Epoch,Loss,Accuracy,Test Accuracy
1,0.4719680277008405,0.37309182046024153,0.37609174451279714
2,0.46565210332538537,0.3782562466772993,0.37954735323156374
3,0.46162355556667567,0.3804587225639857,0.3804587225639857
4,0.4584086560470289,0.38007898534214324,0.38061061745272273
5,0.45566594323852794,0.38095238095238093,0.3817498291182502
6,0.4532431028700122,0.3827751196172249,0.3837244626718311
7,0.4510559547660487,0.38448393711551604,0.385547201336675
8,0.4490523952222342,0.38630667578036,0.3870281765018607
9,0.44719606059173056,0.38767372977899295,0.3883952305004937
10,0.4454617512836851,0.38911673122199436,0.38961038961038963
11,0.4438306997810732,0.3902939166097061,0.3910154173312068
12,0.44228806189417985,0.39162299688615476,0.3929900508847877
13,0.44082236189363067,0.39363560416191995,0.3943571048834207
14,0.4394244337098327,0.39511657932710564,0.3958001063264221
15,0.438086361679486,0.3961798435482646,0.39671147565884407
16,0.43680172572491,0.39731905521379207,0.39792663476874
17,0.43556536561104486,0.3984582668793195,0.3988759778233462
18,0.4343727178251363,0.39944558365611,0.40016708437761067
19,0.4332200628553902,0.40058479532163743,0.40153413837624363
20,0.43210390923628755,0.40214171793119163,0.40255942887521834
Epoch,Loss,Accuracy,Test Accuracy
1,0.15224155435669318,0.9298625351256931,0.9506341611604769
2,0.12275298208816973,0.9568618515986937,0.9320650110123795
3,0.1185695003710771,0.9591402749297486,0.9777853725222146
4,0.11468447569224534,0.961798435482646,0.9790005316321105
5,0.10825506349511607,0.9636211741474899,0.9654439128123339
6,0.10524512669328723,0.961798435482646,0.9776334776334776
7,0.10459507265646302,0.9607731449836713,0.9493430546062125
8,0.10425500822142637,0.9600896179843549,0.9728487886382623
9,0.10368169727352172,0.960735171261487,0.9782410571884256
10,0.10307955915753042,0.9619123566491987,0.9807852965747702
11,0.10285302403512173,0.9619883040935673,0.941482494114073
12,0.10255809779091672,0.9635452267031215,0.9347991190096453
13,0.10288251930540603,0.9624060150375939,0.9779372674109517
14,0.10228711605061973,0.9635452267031215,0.9321789321789322
15,0.10221387394842069,0.9641148325358851,0.924356345408977
16,0.10137319088593867,0.9648363332573859,0.9770258980785297
17,0.10155595749259565,0.9645325434799119,0.9812409812409812
18,0.10106945427315113,0.9646844383686489,0.9777473988000304
19,0.10047527561441129,0.9653679653679653,0.9792663476874003
20,0.09978071803283885,0.9663552821447559,0.9407609933925724
Epoch,Loss,Accuracy,Test Accuracy
1,0.3769496691111216,0.4523050049365839,0.3683451051872105
2,0.3259707693718977,0.42067289435710487,0.3833447254499886
3,0.3008162506994694,0.40920483025746185,0.4324827219564062
4,0.28078615721718914,0.4328244854560644,0.4889496468443837
5,0.26846137325351765,0.5262778157515,0.511164274322169
6,0.2616118377600674,0.5973266499582289,0.5208855472013367
7,0.25756029386214097,0.5959595959595959,0.52046783625731
8,0.25497177571790064,0.5910989595200121,0.5162907268170426
9,0.25299779537081707,0.5869977975241133,0.5082023239917977
10,0.25134225148291806,0.5847573479152427,0.5029239766081871
11,0.24993915219264184,0.5820232399179768,0.4940760993392572
12,0.24876774550283995,0.5802384749753171,0.48921546289967344
13,0.24776299827234846,0.5816814764183186,0.4809371914635073
14,0.24696709749702356,0.5831624515835042,0.4768360294676084
15,0.2463070457790132,0.5847573479152427,0.47208931419457734
16,0.245783530103698,0.5847573479152427,0.46760841497683603
17,0.24534194128639242,0.5857066909698488,0.4643806485911749
18,0.24501493252851358,0.5857066909698488,0.46111490848332953
19,0.2447458479060481,0.5858585858585859,0.4603174603174603
20,0.24452122270292911,0.5867699551910078,0.4592921698184856
Epoch,Loss,Accuracy,Test Accuracy
1,0.4551619403524802,0.32961190855927697,0.33059922533606745
2,0.4488961781408207,0.33428267638793957,0.3463962937647148
3,0.45576602411513395,0.3278651173388015,0.33116883116883117
4,0.4561461905396757,0.329156223893066,0.34062428799270905
5,0.455001149386695,0.3292321713374345,0.3423710792131845
6,0.4507111566308154,0.3323839902787271,0.3452570820991874
7,0.4532300185992448,0.3324219640009114,0.3327637275005696
8,0.4461279998434605,0.3384218121060226,0.3502696134275082
9,0.45200097004806555,0.3322700691121744,0.33857370699475964
10,0.451456639141245,0.33614338877496774,0.328700539226855
11,0.4561472585510934,0.33359914938862306,0.3397129186602871
12,0.4511103956470118,0.3333333333333333,0.3359535201640465
13,0.4514923466359715,0.3323839902787271,0.342295131768816
14,0.45067407034656104,0.3373965216070479,0.33811802232854865
15,0.45402974761205783,0.33568770410875676,0.341687552213868
16,0.4509233406201318,0.33359914938862306,0.32543479911900963
17,0.44799207219065074,0.3372446267183109,0.3381559960507329
18,0.4532594489628127,0.32964988228146125,0.33302954355585934
19,0.4549555373769153,0.33170046327941066,0.33318143844459636
20,0.4484817425278759,0.33614338877496774,0.34009265588212956
Epoch,Loss,Accuracy,Test Accuracy
1,0.08487913826039699,0.9382547277284119,0.9698108908635225
2,0.041826581716611855,0.9735323156375788,0.9745196324143692
3,0.039972860755520444,0.9747474747474747,0.9742538163590795
4,0.03910509366534452,0.9753550543024228,0.9745955798587378
5,0.03823650765157488,0.9760765550239234,0.974633553580922
6,0.038005742124730894,0.9762664236348447,0.9762664236348447
7,0.037390753737802034,0.9769879243563454,0.9779372674109517
8,0.036560918927272874,0.9777853725222146,0.9796081111870586
9,0.035976165865897074,0.9788866104655578,0.9798359535201641
10,0.03487260435666221,0.9799119009645325,0.9806713754082175
11,0.034117630622572365,0.980595427963849,0.9817346396293765
12,0.033347247272591855,0.9819624819624819,0.9811270600744285
13,0.03295243480341139,0.9823422191843244,0.9817726133515607
14,0.032391100875249365,0.9821903242955875,0.9820004556846662
15,0.032067609689125386,0.9823801929065087,0.9814688235740867
16,0.03199336699198376,0.9822282980177717,0.981506797296271
17,0.03180192060078432,0.9823801929065087,0.9831016936280094
18,0.03130054306920008,0.9827979038505354,0.9822282980177717
19,0.03075588177371019,0.9824941140730614,0.9836333257385889
20,0.030081045521836998,0.9830257461836409,0.9826460089617984
Epoch,Loss,Accuracy,Test Accuracy
1,0.0553474701855698,0.9205969469127364,0.9487354750512645
2,0.03956620649775688,0.9556466924887977,0.961038961038961
3,0.034538832213167656,0.9595200121515911,0.9615326194273562
4,0.03376733666656795,0.9610769347611453,0.9618743829270145
5,0.033608518176645286,0.9608490924280398,0.9518872939925571
6,0.0335566026638774,0.961646540593909,0.9604693552061974
7,0.03334872586324611,0.9616845143160933,0.9617224880382775
8,0.03280622559271479,0.9627477785372522,0.9657097288676236
9,0.03181162280262575,0.9661654135338346,0.9657477025898078
10,0.030856450220862874,0.9666590719222298,0.9695071010860484
11,0.030527854798547135,0.967760309865573,0.9685957317536265
12,0.030560346604918364,0.967760309865573,0.9687096529201792
13,0.030497831255199875,0.9677982835877573,0.9649502544239387
14,0.030474595198506923,0.9679501784764942,0.9689754689754689
15,0.030562558317691797,0.9681020733652312,0.968823574086732
16,0.030565681823493222,0.9682539682539683,0.969127363864206
17,0.030488070553666122,0.967760309865573,0.9692412850307587
18,0.03050582815199906,0.967304625199362,0.9704184704184704
19,0.030472921115370432,0.967608414976836,0.9660894660894661
20,0.03051358834938881,0.9677223361433888,0.9689374952532848
Epoch,Loss,Accuracy,Test Accuracy
1,0.5120201344502867,0.5595427963849017,0.2902711323763955
2,0.508546985467792,0.5693020429862535,0.3304093567251462
3,0.5079834455363165,0.5730614414824942,0.4032809295967191
4,0.5083662509360484,0.5740867319814689,0.3453710032657401
5,0.50753333572548,0.575187969924812,0.27553732816890714
6,0.5059354526940156,0.5727196779828359,0.297827903091061
7,0.5045406529567784,0.5693020429862535,0.2982456140350877
8,0.5027088083910131,0.5645553277132225,0.34407989671147565
9,0.5021369029426945,0.5713146502620187,0.35645933014354064
10,0.5015019550616532,0.5742006531480216,0.22093111566795778
11,0.49829537435868826,0.5807701070858966,0.16905901116427433
12,0.4978626943803463,0.586959823801929,0.19617224880382775
13,0.49684730159573154,0.589086352244247,0.21018455228981545
14,0.4970140918241096,0.5907571960203539,0.1530720741247057
15,0.49735195774907126,0.5929216981848561,0.17464114832535885
16,0.4966741857073858,0.5922001974633554,0.14847725374041162
17,0.4964804704107114,0.5906812485759854,0.2184628237259816
18,0.49746073038166216,0.5877572719677983,0.16845143160932635
19,0.4980242697967668,0.589086352244247,0.14543935596567176
20,0.49726524766768876,0.589997721576669,0.16905901116427433
Epoch,Loss,Accuracy,Test Accuracy
1,0.38900866123279754,0.7624743677375256,0.7982076403129035
2,0.35679586322023665,0.797220323536113,0.7958912432596643
3,0.35676068124235055,0.7970304549251918,0.7940685045948204
4,0.3571179103674343,0.7959671907040328,0.7946381104275841
5,0.3566937434518948,0.7968785600364547,0.7961950330371383
6,0.3568936452400715,0.7975620870357712,0.7952077162603478
7,0.3566196266119269,0.7963849016480595,0.7991569833675097
8,0.3567555141096607,0.7964228753702438,0.8023467760309866
9,0.3567350916957473,0.7967266651477177,0.7955874534821903
10,0.3565439686524982,0.7964228753702438,0.7916381863750285
11,0.35660606581922005,0.7964228753702438,0.8009037745879851
12,0.356933767564632,0.7966886914255336,0.7999164578111947
13,0.35673361760799277,0.7977519556466924,0.7977139819245083
14,0.3566903867312352,0.7969545074808233,0.7939545834282676
15,0.35664589595968277,0.797827903091061,0.7982835877572719
16,0.35670735775220336,0.7968405863142706,0.8056884635832005
17,0.35686294446183775,0.7980557454241665,0.796005164426217
18,0.35660582141696967,0.7971823498139288,0.7961570593149541
19,0.35658236653349523,0.7982456140350878,0.7953596111490848
20,0.3563029952387806,0.7973342447026658,0.8004860636439584
Epoch,Loss,Accuracy,Test Accuracy
1,0.4635561077070522,0.721880458722564,0.45048226627173993
2,0.372664961001743,0.7547657021341232,0.42078681552365765
3,0.3617508275557677,0.7502468291941976,0.41323004480899217
4,0.3603416912038439,0.7496012759170654,0.40821751348067137
5,0.3599519824028711,0.7484240905293537,0.4033948507632718
6,0.3597456091723579,0.7481582744740639,0.39701526543631804
7,0.35959977896920425,0.7481962481962482,0.39667350193665984
8,0.3594722850778214,0.7485380116959064,0.3928381559960507
9,0.3593971030230931,0.7490696438064859,0.39169894433052327
10,0.359312399141322,0.7497151970836181,0.3890407837776259
11,0.35923827573176004,0.7500569605832764,0.3825472772841194
12,0.3591703949652077,0.7506265664160401,0.3802688539530645
13,0.35910508404054,0.7508544087491456,0.37423103212576897
14,0.3590466181552223,0.7511581985266196,0.3719146350725298
15,0.3589822110731806,0.7514240145819093,0.3688007898534214
16,0.35892802085251596,0.7517657780815675,0.3640161008582061
17,0.3588742131618727,0.751993620414673,0.36268702058175745
18,0.35880864949582686,0.7522594364699627,0.35756056808688386
19,0.3587711973287621,0.752601199969621,0.3572567783094099
20,0.35871958432123585,0.7525252525252525,0.3562694615326194
Epoch,Loss,Accuracy,Test Accuracy
1,0.33536930938246623,0.5187210450368345,0.36872484240905296
2,0.2516406017361205,0.6334776334776335,0.38315485683906736
3,0.19895061075974152,0.6946532999164579,0.36458570669096985
4,0.18023539854014953,0.7216905901116427,0.3713070555175818
5,0.17242217214715094,0.742348294979874,0.37054758107389685
6,0.16812873181827495,0.7608794714057872,0.3624971519708362
7,0.1651536864145669,0.7716640085061137,0.3578643578643579
8,0.1629706061896562,0.7742082478924585,0.3542948279790385
9,0.16102483572318277,0.7746259588364851,0.3599908863066758
10,0.15937645770448214,0.7749677223361434,0.36918052707526394
11,0.15819093372402587,0.7763727500569606,0.3713070555175818
12,0.15688759380824258,0.776448697501329,0.3833067517278044
13,0.15573151803752258,0.7767145135566188,0.39363560416191995
14,0.1549168971286234,0.7789929368876737,0.4192678666362877
15,0.1540529086802736,0.7811194653299917,0.43012835118098275
16,0.15332172156716006,0.7842712842712842,0.424963924963925
17,0.15259738875176423,0.7856383382699172,0.41478696741854637
18,0.1517201409657642,0.784992784992785,0.4018759018759019
19,0.15127089877108607,0.7862838915470495,0.3893065998329156
20,0.15053510179149962,0.7794106478317004,0.38421812106022635
Epoch,Loss,Accuracy,Test Accuracy
1,0.09442226304164184,0.9400774663932558,0.955684666210982
2,0.07185782388381337,0.9575833523201944,0.9557606136553505
3,0.0709195300769389,0.9588744588744589,0.9354066985645934
4,0.06990665014175669,0.9605453026505658,0.9633173843700159
5,0.06619525965683516,0.9641528062580694,0.968367889420521
6,0.06466502485000936,0.9658616237563606,0.9685957317536265
7,0.06459320398480134,0.9657097288676236,0.9687476266423635
8,0.06461377491345957,0.9658616237563606,0.9689754689754689
9,0.06445690906174659,0.9654059390901496,0.9643806485911749
10,0.06437108478534775,0.9654818865345182,0.9657097288676236
11,0.06416688295062951,0.9651401230348599,0.9669628616997038
12,0.06431357330305823,0.9654818865345182,0.931077694235589
13,0.06447942784712618,0.9656717551454393,0.9663173084225716
14,0.06448724861709319,0.9647983595352017,0.9683299156983367
15,0.06445100760335261,0.9656717551454393,0.9710260499734183
16,0.06451369871964724,0.9658995974785448,0.9672286777549935
17,0.0646884432116204,0.9653679653679653,0.9622161464266727
18,0.06445812729773988,0.9652160704792284,0.9700767069188122
19,0.06431348452738327,0.9659375712007291,0.9668869142553354
20,0.06430013031186031,0.9655958077010709,0.9662413609782031
Epoch,Loss,Accuracy,Test Accuracy
1,0.24140080841024075,0.5609098503835346,0.33864965443912814
2,0.23878950206371227,0.5636059846586162,0.35015569226095544
3,0.23834633390349322,0.5614414824941141,0.3493962178172704
4,0.23799310395161985,0.5644793802688539,0.349320270372902
5,0.237817681616528,0.5662261714893294,0.34601655654287233
6,0.2376349694431066,0.5658464342674869,0.3462443988759778
7,0.23753367395739325,0.5691501480975165,0.3465481886534518
8,0.23736039517188515,0.5675172780435939,0.3464722412090833
9,0.23728353716294245,0.5675932254879623,0.3434343434343434
10,0.23728564726897838,0.5704792283739653,0.3467000835421888
11,0.23721112958045856,0.5688843320422268,0.342447026657553
12,0.23719589776527936,0.5699475962633858,0.3427128427128427
13,0.23713685455827369,0.5704032809295967,0.3424850003797372
14,0.23709749468676689,0.570593149540518,0.34195336826915773
15,0.2370421380139816,0.5708969393179919,0.342295131768816
16,0.23700978704289444,0.5707070707070707,0.3423710792131845
17,0.23697288604171307,0.5716184400394927,0.3417634996582365
18,0.2369022599693907,0.5723779144831777,0.34119389382547277
19,0.23682705006029225,0.5713905977063872,0.3393711551606288
20,0.23689487895997532,0.5721120984278879,0.3412698412698413
Epoch,Loss,Accuracy,Test Accuracy
1,0.17526407393651464,0.7292853345484924,0.38812941444520394
2,0.15152898828071235,0.7683982683982684,0.3264980633401686
3,0.14657447024261053,0.7775499354446723,0.3397888661046556
4,0.1448857942310015,0.777360066833751,0.32710564289511657
5,0.14431709129461595,0.7774360142781196,0.3148401306296043
6,0.142516535931714,0.7815751499962026,0.25799346851978433
7,0.14188187341318084,0.7823346244398875,0.2693476114528746
8,0.14153700442744563,0.7814992025518341,0.27906888433204224
9,0.14089248960828119,0.7844991266043898,0.26365155312523736
10,0.1407668549078974,0.7805878332194122,0.2878787878787879
11,0.13957523403398764,0.7841953368269158,0.2612971823498139
12,0.1393675957611966,0.7816890711627553,0.3050429103060682
13,0.13981615218774615,0.7832080200501254,0.27899293688767374
14,0.1391969049837566,0.7819928609402294,0.28054985949722794
15,0.13868435725672498,0.784537100326574,0.26896787423103213
16,0.13848846307746016,0.7846130477709425,0.2734867471709577
17,0.13842297330862438,0.7820308346624136,0.2605756816283132
18,0.13789709576899867,0.7847649426596796,0.25662641452115137
19,0.13839131661562953,0.7809295967190704,0.25848712690817954
20,0.1383788017919864,0.7826384142173616,0.25244930508088403
Epoch,Loss,Accuracy,Test Accuracy
1,0.9739678155268979,0.41023012075643656,0.44976076555023925
2,0.7241924256399538,0.4951393635604162,0.5327713222450065
3,0.5057667460587775,0.556542872332346,0.5868838763575606
4,0.3596298103096185,0.6182121971595655,0.646540593909015
5,0.2882771476350218,0.6626414521151364,0.7042606516290727
6,0.2505045049003747,0.7509683299156983,0.7877648667122351
7,0.22917647455406498,0.8057644110275689,0.8174982911825017
8,0.2150418052199423,0.8239158502316397,0.8289283815599605
9,0.2043199422739023,0.8294220399483557,0.8298397508923825
10,0.19550839083195842,0.8315865421128579,0.8326877800562011
11,0.18793490716265251,0.8338649654439129,0.8365610997189945
12,0.1812403628497776,0.8379661274398117,0.8399027872712084
13,0.17518392642083203,0.842295131768816,0.8437761069340016
14,0.16963928183776422,0.8459406090985039,0.8478772689299006
15,0.16449003935505652,0.8504594820384294,0.853307511202248
